data,municipio,cod_ibge,lat,lon,tmax,tmin,tmedia_ref,umidade_media,vento_max,radiacao,fonte
2026-04-28,Cuiabá,5103403,-15.6014,-56.0979,36.7,23.8,31.148685661204492,47.6,1.9,640.6,simulado_municipal
2026-04-29,Cuiabá,5103403,-15.6014,-56.0979,38.0,23.8,31.148685661204492,41.6,2.3,631.5,simulado_municipal
2026-04-30,Cuiabá,5103403,-15.6014,-56.0979,37.0,23.6,31.148685661204492,37.3,1.1,627.5,simulado_municipal
2026-05-01,Cuiabá,5103403,-15.6014,-56.0979,36.9,23.6,31.148685661204492,40.3,1.3,708.6,simulado_municipal
2026-05-02,Cuiabá,5103403,-15.6014,-56.0979,37.5,23.5,31.148685661204492,38.7,1.7,654.4,simulado_municipal
2026-05-03,Cuiabá,5103403,-15.6014,-56.0979,37.1,23.7,31.148685661204492,41.2,1.9,625.9,simulado_municipal
2026-05-04,Cuiabá,5103403,-15.6014,-56.0979,39.0,23.5,31.148685661204492,39.8,2.4,601.2,simulado_municipal
2026-05-05,Cuiabá,5103403,-15.6014,-56.0979,38.1,22.7,31.148685661204492,39.0,2.1,679.5,simulado_municipal
2026-05-06,Cuiabá,5103403,-15.6014,-56.0979,38.1,23.5,31.148685661204492,42.1,1.3,621.2,simulado_municipal
2026-05-07,Cuiabá,5103403,-15.6014,-56.0979,37.7,23.9,31.148685661204492,44.0,1.1,663.0,simulado_municipal
2026-05-08,Cuiabá,5103403,-15.6014,-56.0979,37.7,23.2,31.148685661204492,44.8,2.5,687.3,simulado_municipal
2026-05-09,Cuiabá,5103403,-15.6014,-56.0979,37.3,23.4,31.148685661204492,44.0,2.5,630.8,simulado_municipal
2026-05-10,Cuiabá,5103403,-15.6014,-56.0979,37.5,23.1,31.148685661204492,39.4,2.4,704.2,simulado_municipal
2026-05-11,Cuiabá,5103403,-15.6014,-56.0979,37.4,23.9,31.148685661204492,44.1,1.7,664.5,simulado_municipal
2026-05-12,Cuiabá,5103403,-15.6014,-56.0979,38.1,23.5,31.148685661204492,47.7,0.7,682.9,simulado_municipal
2026-05-13,Cuiabá,5103403,-15.6014,-56.0979,37.0,23.4,31.148685661204492,43.3,1.0,641.2,simulado_municipal
2026-05-14,Cuiabá,5103403,-15.6014,-56.0979,36.9,24.1,31.148685661204492,41.4,1.6,629.9,simulado_municipal
2026-05-15,Cuiabá,5103403,-15.6014,-56.0979,37.0,23.6,31.148685661204492,41.4,2.3,653.9,simulado_municipal
2026-05-16,Cuiabá,5103403,-15.6014,-56.0979,36.8,23.2,31.148685661204492,42.0,1.8,591.5,simulado_municipal
2026-05-17,Cuiabá,5103403,-15.6014,-56.0979,36.2,23.6,31.148685661204492,43.0,1.9,593.4,simulado_municipal
2026-05-18,Cuiabá,5103403,-15.6014,-56.0979,35.6,23.4,31.148685661204492,40.6,1.9,666.2,simulado_municipal
2026-05-19,Cuiabá,5103403,-15.6014,-56.0979,36.9,23.6,31.148685661204492,43.8,2.0,573.2,simulado_municipal
2026-05-20,Cuiabá,5103403,-15.6014,-56.0979,35.6,23.5,31.148685661204492,50.4,1.9,662.1,simulado_municipal
2026-05-21,Cuiabá,5103403,-15.6014,-56.0979,35.6,23.0,31.148685661204492,46.4,2.4,681.6,simulado_municipal
2026-05-22,Cuiabá,5103403,-15.6014,-56.0979,35.1,24.1,31.148685661204492,38.8,2.3,737.6,simulado_municipal
2026-05-23,Cuiabá,5103403,-15.6014,-56.0979,35.1,23.3,31.148685661204492,43.3,1.7,588.0,simulado_municipal
2026-05-24,Cuiabá,5103403,-15.6014,-56.0979,35.8,23.1,31.148685661204492,44.4,1.5,712.0,simulado_municipal
2026-05-25,Cuiabá,5103403,-15.6014,-56.0979,35.4,23.4,31.148685661204492,45.4,1.4,659.1,simulado_municipal
2026-05-26,Cuiabá,5103403,-15.6014,-56.0979,36.8,22.9,31.148685661204492,43.6,2.1,681.3,simulado_municipal
2026-05-27,Cuiabá,5103403,-15.6014,-56.0979,35.5,23.0,31.148685661204492,44.6,2.1,660.0,simulado_municipal
2026-05-28,Cuiabá,5103403,-15.6014,-56.0979,36.7,23.2,31.148685661204492,43.7,2.1,621.4,simulado_municipal
2026-05-29,Cuiabá,5103403,-15.6014,-56.0979,37.8,23.7,31.148685661204492,39.4,2.3,611.0,simulado_municipal
2026-05-30,Cuiabá,5103403,-15.6014,-56.0979,37.4,24.0,31.148685661204492,40.5,2.5,666.5,simulado_municipal
2026-05-31,Cuiabá,5103403,-15.6014,-56.0979,37.7,24.3,31.148685661204492,42.3,1.6,614.4,simulado_municipal
2026-06-01,Cuiabá,5103403,-15.6014,-56.0979,36.9,23.5,31.148685661204492,44.0,2.1,683.1,simulado_municipal
2026-06-02,Cuiabá,5103403,-15.6014,-56.0979,37.6,24.1,31.148685661204492,42.2,3.4,675.0,simulado_municipal
2026-06-03,Cuiabá,5103403,-15.6014,-56.0979,37.2,23.1,31.148685661204492,44.4,1.9,678.6,simulado_municipal
2026-06-04,Cuiabá,5103403,-15.6014,-56.0979,38.2,23.5,31.148685661204492,40.5,1.2,632.1,simulado_municipal
2026-06-05,Cuiabá,5103403,-15.6014,-56.0979,38.5,23.6,31.148685661204492,39.3,2.1,665.4,simulado_municipal
2026-06-06,Cuiabá,5103403,-15.6014,-56.0979,37.5,23.6,31.148685661204492,43.2,1.4,664.3,simulado_municipal
2026-06-07,Cuiabá,5103403,-15.6014,-56.0979,38.3,23.9,31.148685661204492,46.2,1.3,612.5,simulado_municipal
2026-06-08,Cuiabá,5103403,-15.6014,-56.0979,38.2,23.7,31.148685661204492,44.5,3.9,672.8,simulado_municipal
2026-06-09,Cuiabá,5103403,-15.6014,-56.0979,38.5,23.9,31.148685661204492,45.0,1.8,680.4,simulado_municipal
2026-06-10,Cuiabá,5103403,-15.6014,-56.0979,37.9,23.6,31.148685661204492,40.6,2.0,754.3,simulado_municipal
2026-06-11,Cuiabá,5103403,-15.6014,-56.0979,37.7,24.1,31.148685661204492,36.3,1.8,717.0,simulado_municipal
2026-06-12,Cuiabá,5103403,-15.6014,-56.0979,39.3,23.6,31.148685661204492,38.1,2.3,655.9,simulado_municipal
2026-06-13,Cuiabá,5103403,-15.6014,-56.0979,39.8,24.2,31.148685661204492,37.4,3.1,722.2,simulado_municipal
2026-06-14,Cuiabá,5103403,-15.6014,-56.0979,38.9,24.4,31.148685661204492,36.5,2.4,676.8,simulado_municipal
2026-06-15,Cuiabá,5103403,-15.6014,-56.0979,40.4,24.7,31.148685661204492,40.1,1.4,706.8,simulado_municipal
2026-06-16,Cuiabá,5103403,-15.6014,-56.0979,40.6,24.4,31.148685661204492,41.9,2.2,681.5,simulado_municipal
2026-06-17,Cuiabá,5103403,-15.6014,-56.0979,41.9,25.6,31.148685661204492,38.8,1.2,724.2,simulado_municipal
2026-06-18,Cuiabá,5103403,-15.6014,-56.0979,42.6,24.7,31.148685661204492,36.1,2.4,718.2,simulado_municipal
2026-04-28,Várzea Grande,5108402,-15.6467,-56.1325,34.4,23.1,30.92618985757528,42.2,1.4,715.3,simulado_municipal
2026-04-29,Várzea Grande,5108402,-15.6467,-56.1325,35.7,23.3,30.92618985757528,43.4,2.7,592.6,simulado_municipal
2026-04-30,Várzea Grande,5108402,-15.6467,-56.1325,37.5,23.5,30.92618985757528,40.1,2.2,658.0,simulado_municipal
2026-05-01,Várzea Grande,5108402,-15.6467,-56.1325,36.7,23.5,30.92618985757528,41.8,2.1,676.5,simulado_municipal
2026-05-02,Várzea Grande,5108402,-15.6467,-56.1325,38.2,23.0,30.92618985757528,49.4,1.0,643.9,simulado_municipal
2026-05-03,Várzea Grande,5108402,-15.6467,-56.1325,37.7,23.6,30.92618985757528,41.1,1.9,630.3,simulado_municipal
2026-05-04,Várzea Grande,5108402,-15.6467,-56.1325,37.1,23.8,30.92618985757528,44.1,1.7,686.0,simulado_municipal
2026-05-05,Várzea Grande,5108402,-15.6467,-56.1325,37.7,23.8,30.92618985757528,44.9,1.6,627.6,simulado_municipal
2026-05-06,Várzea Grande,5108402,-15.6467,-56.1325,38.0,23.7,30.92618985757528,42.9,2.1,701.1,simulado_municipal
2026-05-07,Várzea Grande,5108402,-15.6467,-56.1325,37.2,23.7,30.92618985757528,42.4,1.9,694.0,simulado_municipal
2026-05-08,Várzea Grande,5108402,-15.6467,-56.1325,37.9,23.8,30.92618985757528,46.9,2.0,677.3,simulado_municipal
2026-05-09,Várzea Grande,5108402,-15.6467,-56.1325,37.1,23.6,30.92618985757528,42.6,2.0,673.8,simulado_municipal
2026-05-10,Várzea Grande,5108402,-15.6467,-56.1325,36.7,24.3,30.92618985757528,40.0,1.4,696.3,simulado_municipal
2026-05-11,Várzea Grande,5108402,-15.6467,-56.1325,37.4,23.7,30.92618985757528,44.9,2.0,614.1,simulado_municipal
2026-05-12,Várzea Grande,5108402,-15.6467,-56.1325,36.8,23.2,30.92618985757528,45.9,1.9,617.0,simulado_municipal
2026-05-13,Várzea Grande,5108402,-15.6467,-56.1325,36.3,23.7,30.92618985757528,41.3,1.6,659.7,simulado_municipal
2026-05-14,Várzea Grande,5108402,-15.6467,-56.1325,36.4,23.3,30.92618985757528,41.6,2.1,592.1,simulado_municipal
2026-05-15,Várzea Grande,5108402,-15.6467,-56.1325,35.2,23.2,30.92618985757528,42.4,2.2,709.0,simulado_municipal
2026-05-16,Várzea Grande,5108402,-15.6467,-56.1325,36.3,23.4,30.92618985757528,42.9,1.5,649.3,simulado_municipal
2026-05-17,Várzea Grande,5108402,-15.6467,-56.1325,35.4,23.6,30.92618985757528,40.5,2.3,711.3,simulado_municipal
2026-05-18,Várzea Grande,5108402,-15.6467,-56.1325,35.4,23.7,30.92618985757528,45.1,1.8,659.0,simulado_municipal
2026-05-19,Várzea Grande,5108402,-15.6467,-56.1325,35.3,23.5,30.92618985757528,40.7,2.0,669.9,simulado_municipal
2026-05-20,Várzea Grande,5108402,-15.6467,-56.1325,36.1,23.9,30.92618985757528,49.5,1.6,684.9,simulado_municipal
2026-05-21,Várzea Grande,5108402,-15.6467,-56.1325,35.3,24.4,30.92618985757528,40.6,1.6,626.0,simulado_municipal
2026-05-22,Várzea Grande,5108402,-15.6467,-56.1325,33.9,23.3,30.92618985757528,40.7,2.1,663.7,simulado_municipal
2026-05-23,Várzea Grande,5108402,-15.6467,-56.1325,36.3,23.9,30.92618985757528,41.3,1.6,669.7,simulado_municipal
2026-05-24,Várzea Grande,5108402,-15.6467,-56.1325,34.5,24.2,30.92618985757528,46.5,1.8,581.5,simulado_municipal
2026-05-25,Várzea Grande,5108402,-15.6467,-56.1325,36.2,23.5,30.92618985757528,46.7,1.2,626.0,simulado_municipal
2026-05-26,Várzea Grande,5108402,-15.6467,-56.1325,35.6,23.5,30.92618985757528,41.6,2.3,607.3,simulado_municipal
2026-05-27,Várzea Grande,5108402,-15.6467,-56.1325,35.7,23.5,30.92618985757528,44.5,2.4,605.0,simulado_municipal
2026-05-28,Várzea Grande,5108402,-15.6467,-56.1325,35.1,24.0,30.92618985757528,44.0,1.6,712.0,simulado_municipal
2026-05-29,Várzea Grande,5108402,-15.6467,-56.1325,36.3,24.0,30.92618985757528,43.2,3.0,720.2,simulado_municipal
2026-05-30,Várzea Grande,5108402,-15.6467,-56.1325,36.3,23.9,30.92618985757528,44.9,2.7,611.4,simulado_municipal
2026-05-31,Várzea Grande,5108402,-15.6467,-56.1325,37.1,23.9,30.92618985757528,37.7,1.4,568.4,simulado_municipal
2026-06-01,Várzea Grande,5108402,-15.6467,-56.1325,36.8,23.8,30.92618985757528,47.5,2.0,715.1,simulado_municipal
2026-06-02,Várzea Grande,5108402,-15.6467,-56.1325,36.3,22.8,30.92618985757528,42.8,2.2,648.7,simulado_municipal
2026-06-03,Várzea Grande,5108402,-15.6467,-56.1325,36.1,23.5,30.92618985757528,39.1,2.3,664.7,simulado_municipal
2026-06-04,Várzea Grande,5108402,-15.6467,-56.1325,36.9,23.3,30.92618985757528,39.8,2.0,688.2,simulado_municipal
2026-06-05,Várzea Grande,5108402,-15.6467,-56.1325,36.9,23.7,30.92618985757528,41.4,1.6,645.7,simulado_municipal
2026-06-06,Várzea Grande,5108402,-15.6467,-56.1325,36.9,23.3,30.92618985757528,39.4,3.0,651.4,simulado_municipal
2026-06-07,Várzea Grande,5108402,-15.6467,-56.1325,37.1,23.6,30.92618985757528,42.7,1.9,674.6,simulado_municipal
2026-06-08,Várzea Grande,5108402,-15.6467,-56.1325,37.9,23.3,30.92618985757528,41.3,1.9,557.9,simulado_municipal
2026-06-09,Várzea Grande,5108402,-15.6467,-56.1325,36.5,24.0,30.92618985757528,47.9,1.9,673.1,simulado_municipal
2026-06-10,Várzea Grande,5108402,-15.6467,-56.1325,38.1,24.9,30.92618985757528,45.4,1.9,623.5,simulado_municipal
2026-06-11,Várzea Grande,5108402,-15.6467,-56.1325,37.4,23.9,30.92618985757528,38.9,1.3,647.5,simulado_municipal
2026-06-12,Várzea Grande,5108402,-15.6467,-56.1325,38.1,24.7,30.92618985757528,42.9,2.0,744.3,simulado_municipal
2026-06-13,Várzea Grande,5108402,-15.6467,-56.1325,39.3,23.8,30.92618985757528,43.9,2.3,655.3,simulado_municipal
2026-06-14,Várzea Grande,5108402,-15.6467,-56.1325,39.5,24.0,30.92618985757528,34.3,2.5,784.9,simulado_municipal
2026-06-15,Várzea Grande,5108402,-15.6467,-56.1325,39.2,24.7,30.92618985757528,35.6,1.8,696.5,simulado_municipal
2026-06-16,Várzea Grande,5108402,-15.6467,-56.1325,39.9,24.7,30.92618985757528,34.1,2.1,729.9,simulado_municipal
2026-06-17,Várzea Grande,5108402,-15.6467,-56.1325,40.8,24.4,30.92618985757528,34.0,2.4,763.6,simulado_municipal
2026-06-18,Várzea Grande,5108402,-15.6467,-56.1325,40.8,25.0,30.92618985757528,37.1,1.2,777.0,simulado_municipal
2026-04-28,Rondonópolis,5107602,-16.4673,-54.6372,35.3,23.2,30.23495049642166,37.6,1.2,651.9,simulado_municipal
2026-04-29,Rondonópolis,5107602,-16.4673,-54.6372,35.4,23.1,30.23495049642166,44.9,1.2,647.4,simulado_municipal
2026-04-30,Rondonópolis,5107602,-16.4673,-54.6372,34.7,23.2,30.23495049642166,43.1,1.6,634.6,simulado_municipal
2026-05-01,Rondonópolis,5107602,-16.4673,-54.6372,36.3,23.3,30.23495049642166,45.5,1.4,671.2,simulado_municipal
2026-05-02,Rondonópolis,5107602,-16.4673,-54.6372,36.7,22.5,30.23495049642166,40.6,2.3,641.9,simulado_municipal
2026-05-03,Rondonópolis,5107602,-16.4673,-54.6372,36.2,23.3,30.23495049642166,43.3,1.9,696.7,simulado_municipal
2026-05-04,Rondonópolis,5107602,-16.4673,-54.6372,36.2,23.6,30.23495049642166,41.8,1.8,632.7,simulado_municipal
2026-05-05,Rondonópolis,5107602,-16.4673,-54.6372,36.4,23.3,30.23495049642166,43.9,3.0,684.8,simulado_municipal
2026-05-06,Rondonópolis,5107602,-16.4673,-54.6372,36.0,24.0,30.23495049642166,41.8,1.0,609.7,simulado_municipal
2026-05-07,Rondonópolis,5107602,-16.4673,-54.6372,35.0,23.4,30.23495049642166,43.1,2.8,663.1,simulado_municipal
2026-05-08,Rondonópolis,5107602,-16.4673,-54.6372,35.9,23.8,30.23495049642166,36.4,2.1,680.8,simulado_municipal
2026-05-09,Rondonópolis,5107602,-16.4673,-54.6372,35.1,24.0,30.23495049642166,44.0,1.8,675.3,simulado_municipal
2026-05-10,Rondonópolis,5107602,-16.4673,-54.6372,37.1,23.6,30.23495049642166,43.7,1.8,616.0,simulado_municipal
2026-05-11,Rondonópolis,5107602,-16.4673,-54.6372,36.1,23.2,30.23495049642166,43.2,1.8,669.2,simulado_municipal
2026-05-12,Rondonópolis,5107602,-16.4673,-54.6372,35.6,23.9,30.23495049642166,41.5,1.9,610.8,simulado_municipal
2026-05-13,Rondonópolis,5107602,-16.4673,-54.6372,34.9,23.7,30.23495049642166,45.3,1.5,684.8,simulado_municipal
2026-05-14,Rondonópolis,5107602,-16.4673,-54.6372,35.7,23.7,30.23495049642166,48.6,1.6,600.2,simulado_municipal
2026-05-15,Rondonópolis,5107602,-16.4673,-54.6372,33.6,24.1,30.23495049642166,45.0,2.0,661.2,simulado_municipal
2026-05-16,Rondonópolis,5107602,-16.4673,-54.6372,33.8,24.5,30.23495049642166,43.4,2.1,679.0,simulado_municipal
2026-05-17,Rondonópolis,5107602,-16.4673,-54.6372,34.5,23.6,30.23495049642166,40.6,2.2,725.3,simulado_municipal
2026-05-18,Rondonópolis,5107602,-16.4673,-54.6372,34.9,24.1,30.23495049642166,41.5,1.5,645.0,simulado_municipal
2026-05-19,Rondonópolis,5107602,-16.4673,-54.6372,34.0,23.9,30.23495049642166,37.9,2.8,643.7,simulado_municipal
2026-05-20,Rondonópolis,5107602,-16.4673,-54.6372,33.6,23.1,30.23495049642166,38.0,2.4,652.9,simulado_municipal
2026-05-21,Rondonópolis,5107602,-16.4673,-54.6372,33.0,23.0,30.23495049642166,42.0,2.8,639.6,simulado_municipal
2026-05-22,Rondonópolis,5107602,-16.4673,-54.6372,32.9,23.4,30.23495049642166,42.2,0.7,647.8,simulado_municipal
2026-05-23,Rondonópolis,5107602,-16.4673,-54.6372,33.7,23.8,30.23495049642166,48.5,2.6,639.2,simulado_municipal
2026-05-24,Rondonópolis,5107602,-16.4673,-54.6372,33.2,24.5,30.23495049642166,43.2,2.0,649.0,simulado_municipal
2026-05-25,Rondonópolis,5107602,-16.4673,-54.6372,34.2,23.4,30.23495049642166,41.3,1.7,648.7,simulado_municipal
2026-05-26,Rondonópolis,5107602,-16.4673,-54.6372,33.9,23.2,30.23495049642166,43.3,1.9,710.2,simulado_municipal
2026-05-27,Rondonópolis,5107602,-16.4673,-54.6372,32.8,23.9,30.23495049642166,46.7,1.0,636.3,simulado_municipal
2026-05-28,Rondonópolis,5107602,-16.4673,-54.6372,34.4,22.9,30.23495049642166,40.7,1.4,720.1,simulado_municipal
2026-05-29,Rondonópolis,5107602,-16.4673,-54.6372,35.4,24.0,30.23495049642166,45.2,1.4,629.0,simulado_municipal
2026-05-30,Rondonópolis,5107602,-16.4673,-54.6372,35.4,23.0,30.23495049642166,45.1,1.9,635.0,simulado_municipal
2026-05-31,Rondonópolis,5107602,-16.4673,-54.6372,35.8,23.7,30.23495049642166,41.9,2.6,606.8,simulado_municipal
2026-06-01,Rondonópolis,5107602,-16.4673,-54.6372,35.9,23.7,30.23495049642166,42.1,2.2,600.0,simulado_municipal
2026-06-02,Rondonópolis,5107602,-16.4673,-54.6372,36.3,23.4,30.23495049642166,41.4,2.5,621.8,simulado_municipal
2026-06-03,Rondonópolis,5107602,-16.4673,-54.6372,35.1,22.9,30.23495049642166,44.8,1.4,720.2,simulado_municipal
2026-06-04,Rondonópolis,5107602,-16.4673,-54.6372,34.8,24.2,30.23495049642166,43.6,2.0,628.2,simulado_municipal
2026-06-05,Rondonópolis,5107602,-16.4673,-54.6372,36.4,23.5,30.23495049642166,46.3,2.1,656.0,simulado_municipal
2026-06-06,Rondonópolis,5107602,-16.4673,-54.6372,35.9,23.5,30.23495049642166,43.9,1.1,596.1,simulado_municipal
2026-06-07,Rondonópolis,5107602,-16.4673,-54.6372,36.6,23.6,30.23495049642166,42.4,2.0,663.9,simulado_municipal
2026-06-08,Rondonópolis,5107602,-16.4673,-54.6372,35.8,23.2,30.23495049642166,43.6,1.5,666.3,simulado_municipal
2026-06-09,Rondonópolis,5107602,-16.4673,-54.6372,35.0,23.9,30.23495049642166,44.4,2.1,689.3,simulado_municipal
2026-06-10,Rondonópolis,5107602,-16.4673,-54.6372,37.4,24.0,30.23495049642166,36.7,1.4,634.9,simulado_municipal
2026-06-11,Rondonópolis,5107602,-16.4673,-54.6372,36.8,24.0,30.23495049642166,39.3,2.1,639.6,simulado_municipal
2026-06-12,Rondonópolis,5107602,-16.4673,-54.6372,36.7,23.3,30.23495049642166,37.9,1.3,640.7,simulado_municipal
2026-06-13,Rondonópolis,5107602,-16.4673,-54.6372,38.1,23.7,30.23495049642166,47.8,2.2,697.0,simulado_municipal
2026-06-14,Rondonópolis,5107602,-16.4673,-54.6372,37.2,24.5,30.23495049642166,37.4,2.1,801.9,simulado_municipal
2026-06-15,Rondonópolis,5107602,-16.4673,-54.6372,38.0,24.8,30.23495049642166,36.3,2.0,780.2,simulado_municipal
2026-06-16,Rondonópolis,5107602,-16.4673,-54.6372,38.0,25.2,30.23495049642166,39.7,1.7,744.6,simulado_municipal
2026-06-17,Rondonópolis,5107602,-16.4673,-54.6372,39.3,24.8,30.23495049642166,32.1,1.6,719.3,simulado_municipal
2026-06-18,Rondonópolis,5107602,-16.4673,-54.6372,39.0,25.0,30.23495049642166,36.6,1.3,754.3,simulado_municipal
2026-04-28,Sinop,5107909,-11.8604,-55.5091,36.3,23.9,30.74423429811353,45.5,2.2,647.2,simulado_municipal
2026-04-29,Sinop,5107909,-11.8604,-55.5091,35.2,23.7,30.74423429811353,43.6,2.1,598.9,simulado_municipal
2026-04-30,Sinop,5107909,-11.8604,-55.5091,35.8,23.9,30.74423429811353,42.9,2.3,651.1,simulado_municipal
2026-05-01,Sinop,5107909,-11.8604,-55.5091,36.7,23.9,30.74423429811353,41.5,2.0,631.5,simulado_municipal
2026-05-02,Sinop,5107909,-11.8604,-55.5091,36.6,23.4,30.74423429811353,43.7,1.8,700.2,simulado_municipal
2026-05-03,Sinop,5107909,-11.8604,-55.5091,36.5,23.4,30.74423429811353,41.7,2.7,657.9,simulado_municipal
2026-05-04,Sinop,5107909,-11.8604,-55.5091,37.7,22.9,30.74423429811353,43.8,2.4,653.3,simulado_municipal
2026-05-05,Sinop,5107909,-11.8604,-55.5091,37.8,23.3,30.74423429811353,47.2,3.1,635.5,simulado_municipal
2026-05-06,Sinop,5107909,-11.8604,-55.5091,36.9,24.1,30.74423429811353,47.7,1.7,633.2,simulado_municipal
2026-05-07,Sinop,5107909,-11.8604,-55.5091,37.0,23.0,30.74423429811353,40.2,1.5,619.3,simulado_municipal
2026-05-08,Sinop,5107909,-11.8604,-55.5091,37.1,23.6,30.74423429811353,47.7,1.5,689.4,simulado_municipal
2026-05-09,Sinop,5107909,-11.8604,-55.5091,36.8,23.5,30.74423429811353,45.0,1.4,665.3,simulado_municipal
2026-05-10,Sinop,5107909,-11.8604,-55.5091,36.9,23.7,30.74423429811353,43.9,3.2,624.5,simulado_municipal
2026-05-11,Sinop,5107909,-11.8604,-55.5091,36.3,23.3,30.74423429811353,41.3,1.7,697.6,simulado_municipal
2026-05-12,Sinop,5107909,-11.8604,-55.5091,37.2,23.3,30.74423429811353,40.5,2.2,627.9,simulado_municipal
2026-05-13,Sinop,5107909,-11.8604,-55.5091,36.5,23.6,30.74423429811353,38.5,2.8,721.8,simulado_municipal
2026-05-14,Sinop,5107909,-11.8604,-55.5091,35.6,23.3,30.74423429811353,43.9,2.2,676.3,simulado_municipal
2026-05-15,Sinop,5107909,-11.8604,-55.5091,36.9,23.4,30.74423429811353,40.6,1.3,620.8,simulado_municipal
2026-05-16,Sinop,5107909,-11.8604,-55.5091,35.4,24.2,30.74423429811353,41.4,2.1,649.3,simulado_municipal
2026-05-17,Sinop,5107909,-11.8604,-55.5091,36.0,24.5,30.74423429811353,41.4,1.8,691.8,simulado_municipal
2026-05-18,Sinop,5107909,-11.8604,-55.5091,35.5,24.2,30.74423429811353,44.8,1.8,673.6,simulado_municipal
2026-05-19,Sinop,5107909,-11.8604,-55.5091,35.6,23.8,30.74423429811353,44.5,2.5,696.8,simulado_municipal
2026-05-20,Sinop,5107909,-11.8604,-55.5091,35.7,23.8,30.74423429811353,42.5,2.1,698.3,simulado_municipal
2026-05-21,Sinop,5107909,-11.8604,-55.5091,34.3,23.6,30.74423429811353,41.8,2.0,701.1,simulado_municipal
2026-05-22,Sinop,5107909,-11.8604,-55.5091,34.9,23.5,30.74423429811353,38.9,2.4,675.8,simulado_municipal
2026-05-23,Sinop,5107909,-11.8604,-55.5091,36.1,23.4,30.74423429811353,43.7,2.1,713.1,simulado_municipal
2026-05-24,Sinop,5107909,-11.8604,-55.5091,34.9,23.6,30.74423429811353,44.8,2.1,632.1,simulado_municipal
2026-05-25,Sinop,5107909,-11.8604,-55.5091,35.2,23.9,30.74423429811353,39.9,2.1,622.0,simulado_municipal
2026-05-26,Sinop,5107909,-11.8604,-55.5091,35.9,22.9,30.74423429811353,41.3,2.2,712.6,simulado_municipal
2026-05-27,Sinop,5107909,-11.8604,-55.5091,35.4,23.3,30.74423429811353,48.6,1.3,562.0,simulado_municipal
2026-05-28,Sinop,5107909,-11.8604,-55.5091,35.9,23.3,30.74423429811353,39.9,2.4,659.8,simulado_municipal
2026-05-29,Sinop,5107909,-11.8604,-55.5091,35.6,23.0,30.74423429811353,45.6,2.3,646.0,simulado_municipal
2026-05-30,Sinop,5107909,-11.8604,-55.5091,37.2,23.1,30.74423429811353,38.4,1.7,648.2,simulado_municipal
2026-05-31,Sinop,5107909,-11.8604,-55.5091,36.5,23.4,30.74423429811353,44.1,1.4,707.8,simulado_municipal
2026-06-01,Sinop,5107909,-11.8604,-55.5091,36.5,23.9,30.74423429811353,44.0,2.2,672.8,simulado_municipal
2026-06-02,Sinop,5107909,-11.8604,-55.5091,37.0,23.8,30.74423429811353,47.0,2.1,678.4,simulado_municipal
2026-06-03,Sinop,5107909,-11.8604,-55.5091,36.9,24.1,30.74423429811353,41.0,2.9,648.4,simulado_municipal
2026-06-04,Sinop,5107909,-11.8604,-55.5091,36.2,23.6,30.74423429811353,41.0,2.4,623.9,simulado_municipal
2026-06-05,Sinop,5107909,-11.8604,-55.5091,36.9,22.7,30.74423429811353,41.6,0.8,586.6,simulado_municipal
2026-06-06,Sinop,5107909,-11.8604,-55.5091,37.6,23.8,30.74423429811353,44.3,1.5,648.1,simulado_municipal
2026-06-07,Sinop,5107909,-11.8604,-55.5091,37.2,23.0,30.74423429811353,47.5,2.4,641.2,simulado_municipal
2026-06-08,Sinop,5107909,-11.8604,-55.5091,37.1,23.6,30.74423429811353,36.9,1.9,622.7,simulado_municipal
2026-06-09,Sinop,5107909,-11.8604,-55.5091,36.4,23.4,30.74423429811353,48.4,2.3,627.2,simulado_municipal
2026-06-10,Sinop,5107909,-11.8604,-55.5091,37.8,24.2,30.74423429811353,45.0,2.0,634.0,simulado_municipal
2026-06-11,Sinop,5107909,-11.8604,-55.5091,38.2,23.9,30.74423429811353,44.1,2.3,711.8,simulado_municipal
2026-06-12,Sinop,5107909,-11.8604,-55.5091,37.8,24.4,30.74423429811353,41.3,3.0,652.1,simulado_municipal
2026-06-13,Sinop,5107909,-11.8604,-55.5091,39.5,24.1,30.74423429811353,38.0,1.8,676.8,simulado_municipal
2026-06-14,Sinop,5107909,-11.8604,-55.5091,39.0,24.4,30.74423429811353,37.4,2.0,785.2,simulado_municipal
2026-06-15,Sinop,5107909,-11.8604,-55.5091,40.1,24.5,30.74423429811353,38.5,2.1,733.9,simulado_municipal
2026-06-16,Sinop,5107909,-11.8604,-55.5091,38.8,24.4,30.74423429811353,32.6,2.2,745.2,simulado_municipal
2026-06-17,Sinop,5107909,-11.8604,-55.5091,39.4,25.2,30.74423429811353,33.2,1.3,738.2,simulado_municipal
2026-06-18,Sinop,5107909,-11.8604,-55.5091,40.7,25.4,30.74423429811353,34.7,2.5,737.6,simulado_municipal
2026-04-28,Sorriso,5107925,-12.5425,-55.7211,35.9,23.8,30.430949080023673,38.3,2.7,705.2,simulado_municipal
2026-04-29,Sorriso,5107925,-12.5425,-55.7211,35.2,23.7,30.430949080023673,44.5,2.1,628.0,simulado_municipal
2026-04-30,Sorriso,5107925,-12.5425,-55.7211,35.4,23.5,30.430949080023673,46.5,2.3,635.2,simulado_municipal
2026-05-01,Sorriso,5107925,-12.5425,-55.7211,36.5,22.4,30.430949080023673,46.4,1.1,635.5,simulado_municipal
2026-05-02,Sorriso,5107925,-12.5425,-55.7211,35.6,23.0,30.430949080023673,46.5,1.8,663.9,simulado_municipal
2026-05-03,Sorriso,5107925,-12.5425,-55.7211,36.3,23.7,30.430949080023673,43.2,1.4,689.9,simulado_municipal
2026-05-04,Sorriso,5107925,-12.5425,-55.7211,36.2,22.9,30.430949080023673,41.7,2.8,684.0,simulado_municipal
2026-05-05,Sorriso,5107925,-12.5425,-55.7211,36.3,23.4,30.430949080023673,42.0,3.0,665.3,simulado_municipal
2026-05-06,Sorriso,5107925,-12.5425,-55.7211,36.8,23.9,30.430949080023673,43.7,1.9,642.1,simulado_municipal
2026-05-07,Sorriso,5107925,-12.5425,-55.7211,36.5,23.5,30.430949080023673,45.2,2.0,679.3,simulado_municipal
2026-05-08,Sorriso,5107925,-12.5425,-55.7211,36.4,23.5,30.430949080023673,37.0,2.5,663.9,simulado_municipal
2026-05-09,Sorriso,5107925,-12.5425,-55.7211,36.9,22.3,30.430949080023673,49.3,1.9,694.3,simulado_municipal
2026-05-10,Sorriso,5107925,-12.5425,-55.7211,35.5,23.7,30.430949080023673,39.8,1.7,726.6,simulado_municipal
2026-05-11,Sorriso,5107925,-12.5425,-55.7211,35.9,23.6,30.430949080023673,45.6,2.2,656.0,simulado_municipal
2026-05-12,Sorriso,5107925,-12.5425,-55.7211,36.0,24.5,30.430949080023673,42.8,2.1,692.0,simulado_municipal
2026-05-13,Sorriso,5107925,-12.5425,-55.7211,36.2,24.0,30.430949080023673,44.9,1.4,715.3,simulado_municipal
2026-05-14,Sorriso,5107925,-12.5425,-55.7211,34.6,23.6,30.430949080023673,40.7,2.0,663.2,simulado_municipal
2026-05-15,Sorriso,5107925,-12.5425,-55.7211,35.2,23.7,30.430949080023673,47.8,2.2,640.2,simulado_municipal
2026-05-16,Sorriso,5107925,-12.5425,-55.7211,35.4,24.0,30.430949080023673,39.3,2.3,678.0,simulado_municipal
2026-05-17,Sorriso,5107925,-12.5425,-55.7211,34.4,24.1,30.430949080023673,42.5,2.1,643.1,simulado_municipal
2026-05-18,Sorriso,5107925,-12.5425,-55.7211,34.5,23.1,30.430949080023673,38.7,2.8,616.1,simulado_municipal
2026-05-19,Sorriso,5107925,-12.5425,-55.7211,33.7,22.6,30.430949080023673,41.1,1.3,715.7,simulado_municipal
2026-05-20,Sorriso,5107925,-12.5425,-55.7211,34.8,23.2,30.430949080023673,49.8,2.5,637.0,simulado_municipal
2026-05-21,Sorriso,5107925,-12.5425,-55.7211,32.7,24.4,30.430949080023673,38.8,1.2,690.9,simulado_municipal
2026-05-22,Sorriso,5107925,-12.5425,-55.7211,35.6,24.1,30.430949080023673,44.7,2.3,684.1,simulado_municipal
2026-05-23,Sorriso,5107925,-12.5425,-55.7211,34.7,23.6,30.430949080023673,43.3,2.0,619.8,simulado_municipal
2026-05-24,Sorriso,5107925,-12.5425,-55.7211,34.1,22.8,30.430949080023673,42.7,1.5,605.9,simulado_municipal
2026-05-25,Sorriso,5107925,-12.5425,-55.7211,34.5,24.1,30.430949080023673,45.8,1.2,610.4,simulado_municipal
2026-05-26,Sorriso,5107925,-12.5425,-55.7211,35.2,23.1,30.430949080023673,42.3,2.3,611.3,simulado_municipal
2026-05-27,Sorriso,5107925,-12.5425,-55.7211,34.9,23.0,30.430949080023673,41.2,2.2,586.3,simulado_municipal
2026-05-28,Sorriso,5107925,-12.5425,-55.7211,35.3,23.5,30.430949080023673,44.7,2.1,704.6,simulado_municipal
2026-05-29,Sorriso,5107925,-12.5425,-55.7211,35.3,23.3,30.430949080023673,43.4,2.3,652.0,simulado_municipal
2026-05-30,Sorriso,5107925,-12.5425,-55.7211,35.5,23.2,30.430949080023673,41.0,1.3,720.0,simulado_municipal
2026-05-31,Sorriso,5107925,-12.5425,-55.7211,35.0,23.2,30.430949080023673,40.8,2.4,638.2,simulado_municipal
2026-06-01,Sorriso,5107925,-12.5425,-55.7211,36.7,23.2,30.430949080023673,43.8,1.6,735.8,simulado_municipal
2026-06-02,Sorriso,5107925,-12.5425,-55.7211,35.4,23.6,30.430949080023673,44.9,2.2,642.6,simulado_municipal
2026-06-03,Sorriso,5107925,-12.5425,-55.7211,36.2,23.5,30.430949080023673,42.6,2.5,738.4,simulado_municipal
2026-06-04,Sorriso,5107925,-12.5425,-55.7211,36.1,23.0,30.430949080023673,42.7,3.3,617.9,simulado_municipal
2026-06-05,Sorriso,5107925,-12.5425,-55.7211,37.5,24.2,30.430949080023673,41.3,2.3,715.1,simulado_municipal
2026-06-06,Sorriso,5107925,-12.5425,-55.7211,36.3,23.4,30.430949080023673,41.3,1.5,624.0,simulado_municipal
2026-06-07,Sorriso,5107925,-12.5425,-55.7211,35.8,23.5,30.430949080023673,40.7,2.1,587.8,simulado_municipal
2026-06-08,Sorriso,5107925,-12.5425,-55.7211,36.7,23.8,30.430949080023673,37.0,2.2,699.1,simulado_municipal
2026-06-09,Sorriso,5107925,-12.5425,-55.7211,35.7,24.2,30.430949080023673,44.3,1.6,647.8,simulado_municipal
2026-06-10,Sorriso,5107925,-12.5425,-55.7211,37.1,23.7,30.430949080023673,43.8,1.5,666.7,simulado_municipal
2026-06-11,Sorriso,5107925,-12.5425,-55.7211,36.3,23.7,30.430949080023673,38.7,1.6,719.2,simulado_municipal
2026-06-12,Sorriso,5107925,-12.5425,-55.7211,38.2,24.2,30.430949080023673,37.4,1.8,728.2,simulado_municipal
2026-06-13,Sorriso,5107925,-12.5425,-55.7211,37.9,25.0,30.430949080023673,41.1,2.1,677.2,simulado_municipal
2026-06-14,Sorriso,5107925,-12.5425,-55.7211,38.2,24.1,30.430949080023673,41.3,2.5,668.1,simulado_municipal
2026-06-15,Sorriso,5107925,-12.5425,-55.7211,37.7,23.6,30.430949080023673,39.9,1.4,623.3,simulado_municipal
2026-06-16,Sorriso,5107925,-12.5425,-55.7211,39.0,25.5,30.430949080023673,37.6,2.4,722.6,simulado_municipal
2026-06-17,Sorriso,5107925,-12.5425,-55.7211,39.0,25.0,30.430949080023673,36.0,2.1,742.1,simulado_municipal
2026-06-18,Sorriso,5107925,-12.5425,-55.7211,39.1,25.1,30.430949080023673,35.5,1.6,760.6,simulado_municipal
2026-04-28,Cáceres,5102504,-16.0728,-57.6818,35.7,23.5,30.590612807283584,46.3,2.2,649.0,simulado_municipal
2026-04-29,Cáceres,5102504,-16.0728,-57.6818,36.4,24.1,30.590612807283584,44.7,2.0,597.5,simulado_municipal
2026-04-30,Cáceres,5102504,-16.0728,-57.6818,35.5,23.4,30.590612807283584,41.2,1.9,652.3,simulado_municipal
2026-05-01,Cáceres,5102504,-16.0728,-57.6818,36.7,23.5,30.590612807283584,44.5,2.0,571.0,simulado_municipal
2026-05-02,Cáceres,5102504,-16.0728,-57.6818,36.0,23.4,30.590612807283584,39.4,2.3,711.2,simulado_municipal
2026-05-03,Cáceres,5102504,-16.0728,-57.6818,37.4,23.4,30.590612807283584,47.5,2.1,636.5,simulado_municipal
2026-05-04,Cáceres,5102504,-16.0728,-57.6818,36.4,23.4,30.590612807283584,41.8,2.1,656.4,simulado_municipal
2026-05-05,Cáceres,5102504,-16.0728,-57.6818,36.9,23.7,30.590612807283584,46.6,2.5,590.6,simulado_municipal
2026-05-06,Cáceres,5102504,-16.0728,-57.6818,35.3,23.9,30.590612807283584,38.9,1.9,603.2,simulado_municipal
2026-05-07,Cáceres,5102504,-16.0728,-57.6818,35.8,23.7,30.590612807283584,45.3,1.7,546.4,simulado_municipal
2026-05-08,Cáceres,5102504,-16.0728,-57.6818,36.4,23.7,30.590612807283584,38.6,2.1,649.4,simulado_municipal
2026-05-09,Cáceres,5102504,-16.0728,-57.6818,37.0,23.5,30.590612807283584,40.1,2.6,643.7,simulado_municipal
2026-05-10,Cáceres,5102504,-16.0728,-57.6818,36.5,23.1,30.590612807283584,41.7,1.6,643.1,simulado_municipal
2026-05-11,Cáceres,5102504,-16.0728,-57.6818,37.3,23.0,30.590612807283584,38.2,2.7,641.6,simulado_municipal
2026-05-12,Cáceres,5102504,-16.0728,-57.6818,35.7,23.9,30.590612807283584,41.2,2.9,677.1,simulado_municipal
2026-05-13,Cáceres,5102504,-16.0728,-57.6818,35.6,24.4,30.590612807283584,41.2,2.4,662.0,simulado_municipal
2026-05-14,Cáceres,5102504,-16.0728,-57.6818,36.4,24.1,30.590612807283584,43.1,1.6,668.4,simulado_municipal
2026-05-15,Cáceres,5102504,-16.0728,-57.6818,35.0,24.3,30.590612807283584,43.4,1.8,657.4,simulado_municipal
2026-05-16,Cáceres,5102504,-16.0728,-57.6818,34.3,23.1,30.590612807283584,46.6,1.7,608.1,simulado_municipal
2026-05-17,Cáceres,5102504,-16.0728,-57.6818,35.3,24.0,30.590612807283584,45.2,2.5,619.7,simulado_municipal
2026-05-18,Cáceres,5102504,-16.0728,-57.6818,33.9,24.1,30.590612807283584,42.0,1.9,703.1,simulado_municipal
2026-05-19,Cáceres,5102504,-16.0728,-57.6818,35.0,23.7,30.590612807283584,49.5,1.7,687.1,simulado_municipal
2026-05-20,Cáceres,5102504,-16.0728,-57.6818,34.6,23.6,30.590612807283584,47.6,2.3,671.5,simulado_municipal
2026-05-21,Cáceres,5102504,-16.0728,-57.6818,35.1,23.4,30.590612807283584,40.5,1.5,571.3,simulado_municipal
2026-05-22,Cáceres,5102504,-16.0728,-57.6818,35.7,23.1,30.590612807283584,42.3,1.9,662.3,simulado_municipal
2026-05-23,Cáceres,5102504,-16.0728,-57.6818,35.0,23.8,30.590612807283584,41.3,1.9,661.3,simulado_municipal
2026-05-24,Cáceres,5102504,-16.0728,-57.6818,34.5,24.1,30.590612807283584,44.5,2.4,676.5,simulado_municipal
2026-05-25,Cáceres,5102504,-16.0728,-57.6818,35.5,23.6,30.590612807283584,39.1,2.2,623.9,simulado_municipal
2026-05-26,Cáceres,5102504,-16.0728,-57.6818,34.6,23.7,30.590612807283584,46.7,2.0,662.4,simulado_municipal
2026-05-27,Cáceres,5102504,-16.0728,-57.6818,36.1,23.6,30.590612807283584,50.8,2.3,579.6,simulado_municipal
2026-05-28,Cáceres,5102504,-16.0728,-57.6818,35.8,23.7,30.590612807283584,46.9,2.3,644.5,simulado_municipal
2026-05-29,Cáceres,5102504,-16.0728,-57.6818,34.8,23.4,30.590612807283584,40.4,1.7,673.5,simulado_municipal
2026-05-30,Cáceres,5102504,-16.0728,-57.6818,36.8,23.7,30.590612807283584,39.4,2.2,697.9,simulado_municipal
2026-05-31,Cáceres,5102504,-16.0728,-57.6818,35.7,23.4,30.590612807283584,43.0,1.6,675.9,simulado_municipal
2026-06-01,Cáceres,5102504,-16.0728,-57.6818,36.2,23.7,30.590612807283584,40.3,1.8,678.9,simulado_municipal
2026-06-02,Cáceres,5102504,-16.0728,-57.6818,36.2,24.2,30.590612807283584,41.8,2.1,687.3,simulado_municipal
2026-06-03,Cáceres,5102504,-16.0728,-57.6818,35.8,22.8,30.590612807283584,38.4,2.6,627.9,simulado_municipal
2026-06-04,Cáceres,5102504,-16.0728,-57.6818,38.3,23.3,30.590612807283584,43.6,2.8,730.2,simulado_municipal
2026-06-05,Cáceres,5102504,-16.0728,-57.6818,38.1,24.0,30.590612807283584,46.1,2.3,681.1,simulado_municipal
2026-06-06,Cáceres,5102504,-16.0728,-57.6818,36.5,23.2,30.590612807283584,43.0,1.9,631.9,simulado_municipal
2026-06-07,Cáceres,5102504,-16.0728,-57.6818,37.3,23.9,30.590612807283584,43.3,2.7,604.3,simulado_municipal
2026-06-08,Cáceres,5102504,-16.0728,-57.6818,36.7,23.2,30.590612807283584,37.4,2.0,645.1,simulado_municipal
2026-06-09,Cáceres,5102504,-16.0728,-57.6818,37.6,23.8,30.590612807283584,39.9,2.9,698.8,simulado_municipal
2026-06-10,Cáceres,5102504,-16.0728,-57.6818,37.5,23.5,30.590612807283584,39.4,1.8,703.4,simulado_municipal
2026-06-11,Cáceres,5102504,-16.0728,-57.6818,38.6,24.4,30.590612807283584,40.0,1.4,675.4,simulado_municipal
2026-06-12,Cáceres,5102504,-16.0728,-57.6818,36.8,24.0,30.590612807283584,40.2,1.8,615.9,simulado_municipal
2026-06-13,Cáceres,5102504,-16.0728,-57.6818,38.5,23.8,30.590612807283584,36.4,0.6,688.5,simulado_municipal
2026-06-14,Cáceres,5102504,-16.0728,-57.6818,39.5,24.9,30.590612807283584,37.8,1.7,718.3,simulado_municipal
2026-06-15,Cáceres,5102504,-16.0728,-57.6818,38.2,24.4,30.590612807283584,40.7,2.6,705.4,simulado_municipal
2026-06-16,Cáceres,5102504,-16.0728,-57.6818,39.0,24.1,30.590612807283584,35.1,1.9,734.0,simulado_municipal
2026-06-17,Cáceres,5102504,-16.0728,-57.6818,40.0,24.3,30.590612807283584,41.3,1.9,728.3,simulado_municipal
2026-06-18,Cáceres,5102504,-16.0728,-57.6818,39.3,23.8,30.590612807283584,38.7,2.4,727.8,simulado_municipal
2026-04-28,Tangará da Serra,5107958,-14.6229,-57.4933,35.9,22.9,30.526796286889947,41.4,2.4,599.8,simulado_municipal
2026-04-29,Tangará da Serra,5107958,-14.6229,-57.4933,36.0,23.0,30.526796286889947,44.4,2.0,585.4,simulado_municipal
2026-04-30,Tangará da Serra,5107958,-14.6229,-57.4933,36.7,23.2,30.526796286889947,40.6,2.1,695.9,simulado_municipal
2026-05-01,Tangará da Serra,5107958,-14.6229,-57.4933,35.6,23.5,30.526796286889947,44.3,2.3,657.1,simulado_municipal
2026-05-02,Tangará da Serra,5107958,-14.6229,-57.4933,36.2,23.2,30.526796286889947,43.3,1.5,533.1,simulado_municipal
2026-05-03,Tangará da Serra,5107958,-14.6229,-57.4933,36.8,23.9,30.526796286889947,35.9,1.5,674.8,simulado_municipal
2026-05-04,Tangará da Serra,5107958,-14.6229,-57.4933,37.9,23.5,30.526796286889947,40.8,1.9,705.0,simulado_municipal
2026-05-05,Tangará da Serra,5107958,-14.6229,-57.4933,36.3,23.2,30.526796286889947,41.6,1.5,654.9,simulado_municipal
2026-05-06,Tangará da Serra,5107958,-14.6229,-57.4933,37.7,23.6,30.526796286889947,42.2,1.9,587.5,simulado_municipal
2026-05-07,Tangará da Serra,5107958,-14.6229,-57.4933,37.3,23.5,30.526796286889947,42.5,3.6,662.0,simulado_municipal
2026-05-08,Tangará da Serra,5107958,-14.6229,-57.4933,36.2,23.3,30.526796286889947,46.4,2.1,592.5,simulado_municipal
2026-05-09,Tangará da Serra,5107958,-14.6229,-57.4933,37.1,23.2,30.526796286889947,48.6,2.5,632.1,simulado_municipal
2026-05-10,Tangará da Serra,5107958,-14.6229,-57.4933,37.1,23.5,30.526796286889947,45.6,2.2,616.1,simulado_municipal
2026-05-11,Tangará da Serra,5107958,-14.6229,-57.4933,35.8,23.9,30.526796286889947,42.0,1.8,611.8,simulado_municipal
2026-05-12,Tangará da Serra,5107958,-14.6229,-57.4933,36.2,24.3,30.526796286889947,39.8,2.0,706.5,simulado_municipal
2026-05-13,Tangará da Serra,5107958,-14.6229,-57.4933,35.7,23.7,30.526796286889947,39.8,2.2,642.5,simulado_municipal
2026-05-14,Tangará da Serra,5107958,-14.6229,-57.4933,36.1,24.0,30.526796286889947,50.8,2.3,663.0,simulado_municipal
2026-05-15,Tangará da Serra,5107958,-14.6229,-57.4933,35.4,23.4,30.526796286889947,44.0,1.9,656.7,simulado_municipal
2026-05-16,Tangará da Serra,5107958,-14.6229,-57.4933,35.8,23.1,30.526796286889947,46.4,2.7,645.3,simulado_municipal
2026-05-17,Tangará da Serra,5107958,-14.6229,-57.4933,33.5,23.3,30.526796286889947,46.9,2.0,610.0,simulado_municipal
2026-05-18,Tangará da Serra,5107958,-14.6229,-57.4933,34.3,23.8,30.526796286889947,44.6,1.9,635.3,simulado_municipal
2026-05-19,Tangará da Serra,5107958,-14.6229,-57.4933,34.3,23.1,30.526796286889947,47.8,1.8,698.7,simulado_municipal
2026-05-20,Tangará da Serra,5107958,-14.6229,-57.4933,35.3,23.9,30.526796286889947,41.7,2.2,649.0,simulado_municipal
2026-05-21,Tangará da Serra,5107958,-14.6229,-57.4933,33.8,23.6,30.526796286889947,39.5,2.6,631.4,simulado_municipal
2026-05-22,Tangará da Serra,5107958,-14.6229,-57.4933,34.5,23.6,30.526796286889947,42.2,2.3,631.0,simulado_municipal
2026-05-23,Tangará da Serra,5107958,-14.6229,-57.4933,34.9,23.0,30.526796286889947,43.4,3.0,610.0,simulado_municipal
2026-05-24,Tangará da Serra,5107958,-14.6229,-57.4933,34.1,23.7,30.526796286889947,43.5,2.2,669.6,simulado_municipal
2026-05-25,Tangará da Serra,5107958,-14.6229,-57.4933,35.0,23.9,30.526796286889947,44.2,1.9,676.9,simulado_municipal
2026-05-26,Tangará da Serra,5107958,-14.6229,-57.4933,35.9,23.4,30.526796286889947,40.1,2.6,645.2,simulado_municipal
2026-05-27,Tangará da Serra,5107958,-14.6229,-57.4933,33.7,23.8,30.526796286889947,41.4,2.0,663.3,simulado_municipal
2026-05-28,Tangará da Serra,5107958,-14.6229,-57.4933,35.3,23.8,30.526796286889947,41.7,2.3,639.6,simulado_municipal
2026-05-29,Tangará da Serra,5107958,-14.6229,-57.4933,35.9,23.7,30.526796286889947,40.2,2.5,628.6,simulado_municipal
2026-05-30,Tangará da Serra,5107958,-14.6229,-57.4933,36.2,23.6,30.526796286889947,48.5,1.9,636.0,simulado_municipal
2026-05-31,Tangará da Serra,5107958,-14.6229,-57.4933,35.9,23.4,30.526796286889947,45.4,1.2,607.9,simulado_municipal
2026-06-01,Tangará da Serra,5107958,-14.6229,-57.4933,35.5,23.9,30.526796286889947,48.1,1.9,643.2,simulado_municipal
2026-06-02,Tangará da Serra,5107958,-14.6229,-57.4933,36.4,24.0,30.526796286889947,40.2,2.1,689.0,simulado_municipal
2026-06-03,Tangará da Serra,5107958,-14.6229,-57.4933,36.8,23.6,30.526796286889947,46.0,0.6,677.1,simulado_municipal
2026-06-04,Tangará da Serra,5107958,-14.6229,-57.4933,36.2,22.8,30.526796286889947,44.5,2.7,644.5,simulado_municipal
2026-06-05,Tangará da Serra,5107958,-14.6229,-57.4933,37.3,24.1,30.526796286889947,46.9,2.8,679.7,simulado_municipal
2026-06-06,Tangará da Serra,5107958,-14.6229,-57.4933,36.8,22.9,30.526796286889947,42.3,1.6,736.8,simulado_municipal
2026-06-07,Tangará da Serra,5107958,-14.6229,-57.4933,36.6,23.5,30.526796286889947,44.7,2.0,717.8,simulado_municipal
2026-06-08,Tangará da Serra,5107958,-14.6229,-57.4933,36.3,23.6,30.526796286889947,40.8,1.3,625.5,simulado_municipal
2026-06-09,Tangará da Serra,5107958,-14.6229,-57.4933,36.6,23.3,30.526796286889947,40.9,1.3,646.7,simulado_municipal
2026-06-10,Tangará da Serra,5107958,-14.6229,-57.4933,36.1,23.9,30.526796286889947,42.5,1.3,647.5,simulado_municipal
2026-06-11,Tangará da Serra,5107958,-14.6229,-57.4933,36.9,23.9,30.526796286889947,45.5,1.1,674.4,simulado_municipal
2026-06-12,Tangará da Serra,5107958,-14.6229,-57.4933,37.6,24.2,30.526796286889947,41.3,1.6,666.9,simulado_municipal
2026-06-13,Tangará da Serra,5107958,-14.6229,-57.4933,37.5,24.5,30.526796286889947,40.0,3.0,687.2,simulado_municipal
2026-06-14,Tangará da Serra,5107958,-14.6229,-57.4933,37.9,23.6,30.526796286889947,33.7,1.2,710.2,simulado_municipal
2026-06-15,Tangará da Serra,5107958,-14.6229,-57.4933,38.9,23.7,30.526796286889947,41.1,1.8,715.3,simulado_municipal
2026-06-16,Tangará da Serra,5107958,-14.6229,-57.4933,39.9,24.8,30.526796286889947,36.8,1.6,633.2,simulado_municipal
2026-06-17,Tangará da Serra,5107958,-14.6229,-57.4933,38.9,24.5,30.526796286889947,33.9,1.9,732.3,simulado_municipal
2026-06-18,Tangará da Serra,5107958,-14.6229,-57.4933,39.5,24.5,30.526796286889947,36.6,2.2,695.5,simulado_municipal
2026-04-28,Barra do Garças,5101803,-15.8901,-52.2567,36.6,23.5,31.06437295189851,45.1,2.1,688.1,simulado_municipal
2026-04-29,Barra do Garças,5101803,-15.8901,-52.2567,37.0,23.3,31.06437295189851,44.1,1.4,654.3,simulado_municipal
2026-04-30,Barra do Garças,5101803,-15.8901,-52.2567,37.1,23.4,31.06437295189851,42.6,1.1,628.1,simulado_municipal
2026-05-01,Barra do Garças,5101803,-15.8901,-52.2567,37.4,23.6,31.06437295189851,39.9,2.6,615.4,simulado_municipal
2026-05-02,Barra do Garças,5101803,-15.8901,-52.2567,38.1,23.7,31.06437295189851,41.1,2.9,602.3,simulado_municipal
2026-05-03,Barra do Garças,5101803,-15.8901,-52.2567,38.2,23.9,31.06437295189851,41.0,2.7,640.0,simulado_municipal
2026-05-04,Barra do Garças,5101803,-15.8901,-52.2567,37.9,23.6,31.06437295189851,42.6,2.4,681.7,simulado_municipal
2026-05-05,Barra do Garças,5101803,-15.8901,-52.2567,36.8,24.0,31.06437295189851,38.0,2.5,695.1,simulado_municipal
2026-05-06,Barra do Garças,5101803,-15.8901,-52.2567,37.2,23.3,31.06437295189851,39.7,1.9,637.7,simulado_municipal
2026-05-07,Barra do Garças,5101803,-15.8901,-52.2567,38.3,24.0,31.06437295189851,47.2,1.7,641.6,simulado_municipal
2026-05-08,Barra do Garças,5101803,-15.8901,-52.2567,36.7,23.2,31.06437295189851,45.9,2.8,600.6,simulado_municipal
2026-05-09,Barra do Garças,5101803,-15.8901,-52.2567,37.2,23.5,31.06437295189851,43.8,1.6,667.0,simulado_municipal
2026-05-10,Barra do Garças,5101803,-15.8901,-52.2567,37.2,23.5,31.06437295189851,44.6,2.0,632.5,simulado_municipal
2026-05-11,Barra do Garças,5101803,-15.8901,-52.2567,37.2,23.5,31.06437295189851,41.9,1.9,713.9,simulado_municipal
2026-05-12,Barra do Garças,5101803,-15.8901,-52.2567,37.4,23.4,31.06437295189851,45.1,1.8,696.9,simulado_municipal
2026-05-13,Barra do Garças,5101803,-15.8901,-52.2567,37.0,23.5,31.06437295189851,44.3,1.2,604.9,simulado_municipal
2026-05-14,Barra do Garças,5101803,-15.8901,-52.2567,35.8,23.6,31.06437295189851,48.2,3.1,675.5,simulado_municipal
2026-05-15,Barra do Garças,5101803,-15.8901,-52.2567,36.6,22.8,31.06437295189851,41.4,1.6,625.2,simulado_municipal
2026-05-16,Barra do Garças,5101803,-15.8901,-52.2567,36.0,23.3,31.06437295189851,37.1,2.4,607.1,simulado_municipal
2026-05-17,Barra do Garças,5101803,-15.8901,-52.2567,36.0,24.3,31.06437295189851,40.2,0.7,638.6,simulado_municipal
2026-05-18,Barra do Garças,5101803,-15.8901,-52.2567,36.4,24.3,31.06437295189851,39.3,2.2,631.4,simulado_municipal
2026-05-19,Barra do Garças,5101803,-15.8901,-52.2567,35.5,24.6,31.06437295189851,38.5,2.1,668.7,simulado_municipal
2026-05-20,Barra do Garças,5101803,-15.8901,-52.2567,36.1,23.5,31.06437295189851,43.9,1.8,660.8,simulado_municipal
2026-05-21,Barra do Garças,5101803,-15.8901,-52.2567,35.2,23.7,31.06437295189851,41.9,2.2,648.8,simulado_municipal
2026-05-22,Barra do Garças,5101803,-15.8901,-52.2567,36.1,23.5,31.06437295189851,37.7,2.6,613.8,simulado_municipal
2026-05-23,Barra do Garças,5101803,-15.8901,-52.2567,35.1,23.3,31.06437295189851,47.1,0.9,775.5,simulado_municipal
2026-05-24,Barra do Garças,5101803,-15.8901,-52.2567,36.2,23.6,31.06437295189851,42.8,2.1,670.8,simulado_municipal
2026-05-25,Barra do Garças,5101803,-15.8901,-52.2567,36.1,23.7,31.06437295189851,43.3,1.9,643.9,simulado_municipal
2026-05-26,Barra do Garças,5101803,-15.8901,-52.2567,35.8,24.0,31.06437295189851,44.8,0.5,676.2,simulado_municipal
2026-05-27,Barra do Garças,5101803,-15.8901,-52.2567,36.2,23.5,31.06437295189851,41.8,2.6,687.9,simulado_municipal
2026-05-28,Barra do Garças,5101803,-15.8901,-52.2567,35.8,23.7,31.06437295189851,40.1,1.3,624.9,simulado_municipal
2026-05-29,Barra do Garças,5101803,-15.8901,-52.2567,37.0,23.9,31.06437295189851,44.5,2.4,670.6,simulado_municipal
2026-05-30,Barra do Garças,5101803,-15.8901,-52.2567,36.4,23.7,31.06437295189851,45.4,2.4,697.6,simulado_municipal
2026-05-31,Barra do Garças,5101803,-15.8901,-52.2567,37.4,23.6,31.06437295189851,46.2,2.0,614.7,simulado_municipal
2026-06-01,Barra do Garças,5101803,-15.8901,-52.2567,37.1,23.2,31.06437295189851,41.0,1.9,618.3,simulado_municipal
2026-06-02,Barra do Garças,5101803,-15.8901,-52.2567,37.2,22.7,31.06437295189851,43.6,2.0,617.3,simulado_municipal
2026-06-03,Barra do Garças,5101803,-15.8901,-52.2567,38.0,23.9,31.06437295189851,38.2,1.6,619.2,simulado_municipal
2026-06-04,Barra do Garças,5101803,-15.8901,-52.2567,37.1,23.8,31.06437295189851,42.4,1.9,569.8,simulado_municipal
2026-06-05,Barra do Garças,5101803,-15.8901,-52.2567,38.2,23.0,31.06437295189851,43.2,2.1,704.4,simulado_municipal
2026-06-06,Barra do Garças,5101803,-15.8901,-52.2567,37.0,22.3,31.06437295189851,43.6,2.9,699.6,simulado_municipal
2026-06-07,Barra do Garças,5101803,-15.8901,-52.2567,37.9,23.3,31.06437295189851,45.4,1.5,669.1,simulado_municipal
2026-06-08,Barra do Garças,5101803,-15.8901,-52.2567,38.1,23.9,31.06437295189851,51.3,2.2,629.6,simulado_municipal
2026-06-09,Barra do Garças,5101803,-15.8901,-52.2567,37.6,22.8,31.06437295189851,40.9,1.8,629.0,simulado_municipal
2026-06-10,Barra do Garças,5101803,-15.8901,-52.2567,38.2,23.3,31.06437295189851,45.6,2.0,659.5,simulado_municipal
2026-06-11,Barra do Garças,5101803,-15.8901,-52.2567,38.2,23.8,31.06437295189851,43.9,1.6,643.5,simulado_municipal
2026-06-12,Barra do Garças,5101803,-15.8901,-52.2567,38.6,23.4,31.06437295189851,38.2,1.8,714.7,simulado_municipal
2026-06-13,Barra do Garças,5101803,-15.8901,-52.2567,39.3,24.1,31.06437295189851,42.5,1.9,705.2,simulado_municipal
2026-06-14,Barra do Garças,5101803,-15.8901,-52.2567,39.3,24.3,31.06437295189851,37.4,0.8,694.1,simulado_municipal
2026-06-15,Barra do Garças,5101803,-15.8901,-52.2567,40.6,24.7,31.06437295189851,41.3,2.6,712.9,simulado_municipal
2026-06-16,Barra do Garças,5101803,-15.8901,-52.2567,40.2,24.2,31.06437295189851,36.7,2.3,767.5,simulado_municipal
2026-06-17,Barra do Garças,5101803,-15.8901,-52.2567,40.3,24.4,31.06437295189851,36.8,2.3,671.4,simulado_municipal
2026-06-18,Barra do Garças,5101803,-15.8901,-52.2567,39.4,24.5,31.06437295189851,32.4,1.7,733.2,simulado_municipal
2026-04-28,Primavera do Leste,5107040,-15.5606,-54.297,36.0,23.6,30.318700636390794,43.9,2.3,604.4,simulado_municipal
2026-04-29,Primavera do Leste,5107040,-15.5606,-54.297,36.0,23.5,30.318700636390794,45.0,1.5,587.8,simulado_municipal
2026-04-30,Primavera do Leste,5107040,-15.5606,-54.297,36.1,23.7,30.318700636390794,40.3,1.6,695.0,simulado_municipal
2026-05-01,Primavera do Leste,5107040,-15.5606,-54.297,35.1,24.2,30.318700636390794,40.3,2.3,636.9,simulado_municipal
2026-05-02,Primavera do Leste,5107040,-15.5606,-54.297,36.4,23.3,30.318700636390794,42.5,2.0,609.9,simulado_municipal
2026-05-03,Primavera do Leste,5107040,-15.5606,-54.297,36.6,23.3,30.318700636390794,42.3,1.5,547.5,simulado_municipal
2026-05-04,Primavera do Leste,5107040,-15.5606,-54.297,36.1,24.5,30.318700636390794,45.4,2.0,639.5,simulado_municipal
2026-05-05,Primavera do Leste,5107040,-15.5606,-54.297,36.3,23.7,30.318700636390794,39.5,2.6,678.6,simulado_municipal
2026-05-06,Primavera do Leste,5107040,-15.5606,-54.297,36.8,23.7,30.318700636390794,43.1,2.3,673.7,simulado_municipal
2026-05-07,Primavera do Leste,5107040,-15.5606,-54.297,36.1,23.3,30.318700636390794,43.3,2.8,600.4,simulado_municipal
2026-05-08,Primavera do Leste,5107040,-15.5606,-54.297,35.3,23.6,30.318700636390794,43.2,2.1,659.8,simulado_municipal
2026-05-09,Primavera do Leste,5107040,-15.5606,-54.297,36.0,24.1,30.318700636390794,38.2,1.6,645.9,simulado_municipal
2026-05-10,Primavera do Leste,5107040,-15.5606,-54.297,35.0,23.4,30.318700636390794,48.0,2.0,659.2,simulado_municipal
2026-05-11,Primavera do Leste,5107040,-15.5606,-54.297,35.0,23.3,30.318700636390794,41.9,1.8,701.3,simulado_municipal
2026-05-12,Primavera do Leste,5107040,-15.5606,-54.297,35.9,23.1,30.318700636390794,43.7,2.2,695.6,simulado_municipal
2026-05-13,Primavera do Leste,5107040,-15.5606,-54.297,36.3,23.1,30.318700636390794,40.6,1.4,640.6,simulado_municipal
2026-05-14,Primavera do Leste,5107040,-15.5606,-54.297,35.3,23.9,30.318700636390794,42.8,1.8,656.1,simulado_municipal
2026-05-15,Primavera do Leste,5107040,-15.5606,-54.297,34.3,24.3,30.318700636390794,38.2,2.1,730.9,simulado_municipal
2026-05-16,Primavera do Leste,5107040,-15.5606,-54.297,34.6,23.4,30.318700636390794,41.9,1.9,704.9,simulado_municipal
2026-05-17,Primavera do Leste,5107040,-15.5606,-54.297,33.1,24.1,30.318700636390794,38.7,1.9,632.8,simulado_municipal
2026-05-18,Primavera do Leste,5107040,-15.5606,-54.297,34.6,22.9,30.318700636390794,44.4,3.0,595.5,simulado_municipal
2026-05-19,Primavera do Leste,5107040,-15.5606,-54.297,34.2,23.2,30.318700636390794,44.3,2.0,624.3,simulado_municipal
2026-05-20,Primavera do Leste,5107040,-15.5606,-54.297,34.3,24.2,30.318700636390794,42.4,2.4,598.3,simulado_municipal
2026-05-21,Primavera do Leste,5107040,-15.5606,-54.297,33.4,23.7,30.318700636390794,47.5,2.2,637.5,simulado_municipal
2026-05-22,Primavera do Leste,5107040,-15.5606,-54.297,33.9,23.0,30.318700636390794,44.8,2.4,631.9,simulado_municipal
2026-05-23,Primavera do Leste,5107040,-15.5606,-54.297,33.7,23.6,30.318700636390794,41.7,2.0,734.0,simulado_municipal
2026-05-24,Primavera do Leste,5107040,-15.5606,-54.297,33.9,23.4,30.318700636390794,41.1,2.4,642.8,simulado_municipal
2026-05-25,Primavera do Leste,5107040,-15.5606,-54.297,33.8,24.0,30.318700636390794,47.3,1.7,575.3,simulado_municipal
2026-05-26,Primavera do Leste,5107040,-15.5606,-54.297,35.0,23.2,30.318700636390794,45.4,1.0,685.7,simulado_municipal
2026-05-27,Primavera do Leste,5107040,-15.5606,-54.297,33.9,23.8,30.318700636390794,43.0,1.5,633.7,simulado_municipal
2026-05-28,Primavera do Leste,5107040,-15.5606,-54.297,35.2,23.5,30.318700636390794,44.8,3.0,587.4,simulado_municipal
2026-05-29,Primavera do Leste,5107040,-15.5606,-54.297,36.0,23.5,30.318700636390794,40.3,1.3,642.4,simulado_municipal
2026-05-30,Primavera do Leste,5107040,-15.5606,-54.297,35.8,23.4,30.318700636390794,47.5,1.3,649.5,simulado_municipal
2026-05-31,Primavera do Leste,5107040,-15.5606,-54.297,34.8,23.6,30.318700636390794,45.7,1.8,545.8,simulado_municipal
2026-06-01,Primavera do Leste,5107040,-15.5606,-54.297,35.8,23.7,30.318700636390794,44.2,2.6,607.2,simulado_municipal
2026-06-02,Primavera do Leste,5107040,-15.5606,-54.297,36.3,24.0,30.318700636390794,37.7,2.2,629.8,simulado_municipal
2026-06-03,Primavera do Leste,5107040,-15.5606,-54.297,36.0,23.6,30.318700636390794,41.5,1.7,651.4,simulado_municipal
2026-06-04,Primavera do Leste,5107040,-15.5606,-54.297,35.6,23.1,30.318700636390794,45.0,1.4,676.7,simulado_municipal
2026-06-05,Primavera do Leste,5107040,-15.5606,-54.297,36.6,22.8,30.318700636390794,41.0,2.6,610.8,simulado_municipal
2026-06-06,Primavera do Leste,5107040,-15.5606,-54.297,36.1,23.7,30.318700636390794,45.4,1.9,626.1,simulado_municipal
2026-06-07,Primavera do Leste,5107040,-15.5606,-54.297,37.2,24.2,30.318700636390794,45.9,2.0,617.7,simulado_municipal
2026-06-08,Primavera do Leste,5107040,-15.5606,-54.297,35.8,23.7,30.318700636390794,44.3,2.7,676.0,simulado_municipal
2026-06-09,Primavera do Leste,5107040,-15.5606,-54.297,35.3,23.9,30.318700636390794,40.0,1.8,660.0,simulado_municipal
2026-06-10,Primavera do Leste,5107040,-15.5606,-54.297,37.8,24.9,30.318700636390794,44.1,1.9,681.3,simulado_municipal
2026-06-11,Primavera do Leste,5107040,-15.5606,-54.297,37.5,23.6,30.318700636390794,46.8,2.1,689.7,simulado_municipal
2026-06-12,Primavera do Leste,5107040,-15.5606,-54.297,37.7,24.1,30.318700636390794,43.2,1.7,657.4,simulado_municipal
2026-06-13,Primavera do Leste,5107040,-15.5606,-54.297,36.9,24.2,30.318700636390794,42.3,2.2,756.6,simulado_municipal
2026-06-14,Primavera do Leste,5107040,-15.5606,-54.297,37.9,24.5,30.318700636390794,35.9,1.8,727.3,simulado_municipal
2026-06-15,Primavera do Leste,5107040,-15.5606,-54.297,38.7,24.2,30.318700636390794,38.2,1.2,695.1,simulado_municipal
2026-06-16,Primavera do Leste,5107040,-15.5606,-54.297,39.1,24.7,30.318700636390794,39.1,2.0,719.6,simulado_municipal
2026-06-17,Primavera do Leste,5107040,-15.5606,-54.297,38.5,24.9,30.318700636390794,38.1,2.2,708.2,simulado_municipal
2026-06-18,Primavera do Leste,5107040,-15.5606,-54.297,38.0,25.2,30.318700636390794,34.6,1.6,766.8,simulado_municipal
2026-04-28,Alta Floresta,5100250,-9.8756,-56.0861,35.8,23.7,30.343194944032348,45.1,1.3,698.5,simulado_municipal
2026-04-29,Alta Floresta,5100250,-9.8756,-56.0861,35.6,23.4,30.343194944032348,43.4,1.1,666.3,simulado_municipal
2026-04-30,Alta Floresta,5100250,-9.8756,-56.0861,35.0,23.0,30.343194944032348,38.4,2.6,624.8,simulado_municipal
2026-05-01,Alta Floresta,5100250,-9.8756,-56.0861,36.8,23.3,30.343194944032348,37.9,1.4,699.4,simulado_municipal
2026-05-02,Alta Floresta,5100250,-9.8756,-56.0861,36.0,23.3,30.343194944032348,43.5,2.3,694.7,simulado_municipal
2026-05-03,Alta Floresta,5100250,-9.8756,-56.0861,37.1,23.4,30.343194944032348,39.0,1.8,660.4,simulado_municipal
2026-05-04,Alta Floresta,5100250,-9.8756,-56.0861,35.7,23.1,30.343194944032348,44.0,2.0,651.3,simulado_municipal
2026-05-05,Alta Floresta,5100250,-9.8756,-56.0861,35.9,23.4,30.343194944032348,40.2,2.4,691.4,simulado_municipal
2026-05-06,Alta Floresta,5100250,-9.8756,-56.0861,35.3,23.1,30.343194944032348,38.5,1.7,646.7,simulado_municipal
2026-05-07,Alta Floresta,5100250,-9.8756,-56.0861,35.5,23.1,30.343194944032348,40.0,2.1,652.8,simulado_municipal
2026-05-08,Alta Floresta,5100250,-9.8756,-56.0861,35.8,23.6,30.343194944032348,41.4,1.9,716.9,simulado_municipal
2026-05-09,Alta Floresta,5100250,-9.8756,-56.0861,37.0,23.0,30.343194944032348,45.5,2.4,604.1,simulado_municipal
2026-05-10,Alta Floresta,5100250,-9.8756,-56.0861,36.5,24.1,30.343194944032348,39.6,1.5,690.7,simulado_municipal
2026-05-11,Alta Floresta,5100250,-9.8756,-56.0861,36.0,23.7,30.343194944032348,44.0,2.2,596.9,simulado_municipal
2026-05-12,Alta Floresta,5100250,-9.8756,-56.0861,36.2,24.0,30.343194944032348,42.3,2.0,588.8,simulado_municipal
2026-05-13,Alta Floresta,5100250,-9.8756,-56.0861,35.7,23.7,30.343194944032348,42.8,2.6,636.6,simulado_municipal
2026-05-14,Alta Floresta,5100250,-9.8756,-56.0861,35.5,23.1,30.343194944032348,42.9,1.9,659.0,simulado_municipal
2026-05-15,Alta Floresta,5100250,-9.8756,-56.0861,34.7,23.4,30.343194944032348,45.5,1.8,585.7,simulado_municipal
2026-05-16,Alta Floresta,5100250,-9.8756,-56.0861,35.7,24.1,30.343194944032348,39.1,2.3,629.9,simulado_municipal
2026-05-17,Alta Floresta,5100250,-9.8756,-56.0861,34.6,23.6,30.343194944032348,42.3,1.6,622.4,simulado_municipal
2026-05-18,Alta Floresta,5100250,-9.8756,-56.0861,33.7,23.2,30.343194944032348,42.8,1.6,677.3,simulado_municipal
2026-05-19,Alta Floresta,5100250,-9.8756,-56.0861,35.0,23.3,30.343194944032348,43.7,2.2,668.9,simulado_municipal
2026-05-20,Alta Floresta,5100250,-9.8756,-56.0861,34.1,23.8,30.343194944032348,44.4,1.4,684.8,simulado_municipal
2026-05-21,Alta Floresta,5100250,-9.8756,-56.0861,34.5,23.2,30.343194944032348,43.1,2.3,641.6,simulado_municipal
2026-05-22,Alta Floresta,5100250,-9.8756,-56.0861,34.6,24.4,30.343194944032348,40.6,1.3,662.2,simulado_municipal
2026-05-23,Alta Floresta,5100250,-9.8756,-56.0861,34.5,23.4,30.343194944032348,47.4,1.3,677.7,simulado_municipal
2026-05-24,Alta Floresta,5100250,-9.8756,-56.0861,33.8,24.2,30.343194944032348,49.0,1.6,628.0,simulado_municipal
2026-05-25,Alta Floresta,5100250,-9.8756,-56.0861,34.8,23.3,30.343194944032348,42.9,2.0,573.2,simulado_municipal
2026-05-26,Alta Floresta,5100250,-9.8756,-56.0861,34.4,23.2,30.343194944032348,41.5,2.7,599.7,simulado_municipal
2026-05-27,Alta Floresta,5100250,-9.8756,-56.0861,35.1,23.4,30.343194944032348,42.2,2.4,663.6,simulado_municipal
2026-05-28,Alta Floresta,5100250,-9.8756,-56.0861,35.2,23.9,30.343194944032348,42.0,1.7,606.6,simulado_municipal
2026-05-29,Alta Floresta,5100250,-9.8756,-56.0861,34.6,24.7,30.343194944032348,46.7,1.3,597.1,simulado_municipal
2026-05-30,Alta Floresta,5100250,-9.8756,-56.0861,35.6,23.7,30.343194944032348,44.6,1.9,645.0,simulado_municipal
2026-05-31,Alta Floresta,5100250,-9.8756,-56.0861,35.8,23.5,30.343194944032348,36.3,1.9,615.9,simulado_municipal
2026-06-01,Alta Floresta,5100250,-9.8756,-56.0861,35.9,24.7,30.343194944032348,44.1,1.8,686.9,simulado_municipal
2026-06-02,Alta Floresta,5100250,-9.8756,-56.0861,36.3,23.7,30.343194944032348,44.8,3.0,604.8,simulado_municipal
2026-06-03,Alta Floresta,5100250,-9.8756,-56.0861,36.4,23.1,30.343194944032348,44.7,1.5,633.3,simulado_municipal
2026-06-04,Alta Floresta,5100250,-9.8756,-56.0861,36.1,23.9,30.343194944032348,45.8,1.4,652.2,simulado_municipal
2026-06-05,Alta Floresta,5100250,-9.8756,-56.0861,35.9,23.0,30.343194944032348,42.3,1.8,747.1,simulado_municipal
2026-06-06,Alta Floresta,5100250,-9.8756,-56.0861,36.6,22.9,30.343194944032348,41.3,2.5,733.5,simulado_municipal
2026-06-07,Alta Floresta,5100250,-9.8756,-56.0861,35.4,22.7,30.343194944032348,48.6,2.2,615.3,simulado_municipal
2026-06-08,Alta Floresta,5100250,-9.8756,-56.0861,36.6,22.4,30.343194944032348,43.0,2.2,687.0,simulado_municipal
2026-06-09,Alta Floresta,5100250,-9.8756,-56.0861,35.6,23.5,30.343194944032348,40.2,2.1,614.2,simulado_municipal
2026-06-10,Alta Floresta,5100250,-9.8756,-56.0861,36.4,23.2,30.343194944032348,44.2,2.4,650.5,simulado_municipal
2026-06-11,Alta Floresta,5100250,-9.8756,-56.0861,37.0,23.2,30.343194944032348,40.6,2.0,774.6,simulado_municipal
2026-06-12,Alta Floresta,5100250,-9.8756,-56.0861,36.7,24.5,30.343194944032348,43.7,2.1,750.0,simulado_municipal
2026-06-13,Alta Floresta,5100250,-9.8756,-56.0861,37.9,24.2,30.343194944032348,39.8,2.6,733.5,simulado_municipal
2026-06-14,Alta Floresta,5100250,-9.8756,-56.0861,37.6,23.7,30.343194944032348,38.5,1.6,697.0,simulado_municipal
2026-06-15,Alta Floresta,5100250,-9.8756,-56.0861,39.0,24.1,30.343194944032348,38.3,2.0,743.3,simulado_municipal
2026-06-16,Alta Floresta,5100250,-9.8756,-56.0861,37.2,24.2,30.343194944032348,38.2,2.6,699.6,simulado_municipal
2026-06-17,Alta Floresta,5100250,-9.8756,-56.0861,37.8,24.8,30.343194944032348,34.9,1.4,704.2,simulado_municipal
2026-06-18,Alta Floresta,5100250,-9.8756,-56.0861,39.2,24.5,30.343194944032348,29.5,2.4,790.1,simulado_municipal
2026-04-28,Lucas do Rio Verde,5105259,-13.0588,-55.9042,35.3,23.4,30.760608796535802,43.0,2.3,676.7,simulado_municipal
2026-04-29,Lucas do Rio Verde,5105259,-13.0588,-55.9042,35.8,23.5,30.760608796535802,44.4,2.7,678.2,simulado_municipal
2026-04-30,Lucas do Rio Verde,5105259,-13.0588,-55.9042,37.0,23.5,30.760608796535802,47.2,2.2,615.6,simulado_municipal
2026-05-01,Lucas do Rio Verde,5105259,-13.0588,-55.9042,37.5,23.8,30.760608796535802,41.7,1.8,661.9,simulado_municipal
2026-05-02,Lucas do Rio Verde,5105259,-13.0588,-55.9042,37.2,23.6,30.760608796535802,43.9,2.8,692.9,simulado_municipal
2026-05-03,Lucas do Rio Verde,5105259,-13.0588,-55.9042,37.1,23.9,30.760608796535802,39.9,2.2,722.4,simulado_municipal
2026-05-04,Lucas do Rio Verde,5105259,-13.0588,-55.9042,37.0,23.2,30.760608796535802,41.0,1.5,618.6,simulado_municipal
2026-05-05,Lucas do Rio Verde,5105259,-13.0588,-55.9042,37.0,22.9,30.760608796535802,43.0,2.5,613.7,simulado_municipal
2026-05-06,Lucas do Rio Verde,5105259,-13.0588,-55.9042,38.1,23.7,30.760608796535802,46.1,1.7,684.2,simulado_municipal
2026-05-07,Lucas do Rio Verde,5105259,-13.0588,-55.9042,36.5,23.9,30.760608796535802,43.5,2.3,603.0,simulado_municipal
2026-05-08,Lucas do Rio Verde,5105259,-13.0588,-55.9042,36.6,23.7,30.760608796535802,40.2,2.2,595.3,simulado_municipal
2026-05-09,Lucas do Rio Verde,5105259,-13.0588,-55.9042,37.5,23.0,30.760608796535802,44.7,2.3,622.1,simulado_municipal
2026-05-10,Lucas do Rio Verde,5105259,-13.0588,-55.9042,37.2,23.6,30.760608796535802,41.4,1.5,571.5,simulado_municipal
2026-05-11,Lucas do Rio Verde,5105259,-13.0588,-55.9042,36.8,22.9,30.760608796535802,43.3,1.9,677.2,simulado_municipal
2026-05-12,Lucas do Rio Verde,5105259,-13.0588,-55.9042,36.2,23.4,30.760608796535802,45.2,2.2,662.6,simulado_municipal
2026-05-13,Lucas do Rio Verde,5105259,-13.0588,-55.9042,36.5,22.9,30.760608796535802,45.3,2.3,609.3,simulado_municipal
2026-05-14,Lucas do Rio Verde,5105259,-13.0588,-55.9042,35.8,23.5,30.760608796535802,42.6,2.2,707.3,simulado_municipal
2026-05-15,Lucas do Rio Verde,5105259,-13.0588,-55.9042,36.4,23.0,30.760608796535802,44.9,2.7,665.5,simulado_municipal
2026-05-16,Lucas do Rio Verde,5105259,-13.0588,-55.9042,36.1,24.3,30.760608796535802,46.1,2.1,691.8,simulado_municipal
2026-05-17,Lucas do Rio Verde,5105259,-13.0588,-55.9042,35.4,23.5,30.760608796535802,41.9,2.8,617.3,simulado_municipal
2026-05-18,Lucas do Rio Verde,5105259,-13.0588,-55.9042,36.0,23.7,30.760608796535802,38.8,2.2,566.0,simulado_municipal
2026-05-19,Lucas do Rio Verde,5105259,-13.0588,-55.9042,35.4,23.9,30.760608796535802,41.2,2.1,728.2,simulado_municipal
2026-05-20,Lucas do Rio Verde,5105259,-13.0588,-55.9042,34.6,23.1,30.760608796535802,47.4,3.0,650.1,simulado_municipal
2026-05-21,Lucas do Rio Verde,5105259,-13.0588,-55.9042,35.4,24.0,30.760608796535802,40.8,1.8,699.2,simulado_municipal
2026-05-22,Lucas do Rio Verde,5105259,-13.0588,-55.9042,35.8,23.7,30.760608796535802,40.4,3.0,628.8,simulado_municipal
2026-05-23,Lucas do Rio Verde,5105259,-13.0588,-55.9042,34.7,23.6,30.760608796535802,47.7,2.4,666.6,simulado_municipal
2026-05-24,Lucas do Rio Verde,5105259,-13.0588,-55.9042,35.2,23.5,30.760608796535802,44.7,0.7,638.1,simulado_municipal
2026-05-25,Lucas do Rio Verde,5105259,-13.0588,-55.9042,35.2,23.0,30.760608796535802,44.2,1.9,720.2,simulado_municipal
2026-05-26,Lucas do Rio Verde,5105259,-13.0588,-55.9042,36.2,23.3,30.760608796535802,42.5,2.0,631.9,simulado_municipal
2026-05-27,Lucas do Rio Verde,5105259,-13.0588,-55.9042,35.6,23.2,30.760608796535802,39.6,2.3,675.2,simulado_municipal
2026-05-28,Lucas do Rio Verde,5105259,-13.0588,-55.9042,35.2,23.9,30.760608796535802,41.1,2.1,682.8,simulado_municipal
2026-05-29,Lucas do Rio Verde,5105259,-13.0588,-55.9042,35.9,23.7,30.760608796535802,41.5,1.9,641.8,simulado_municipal
2026-05-30,Lucas do Rio Verde,5105259,-13.0588,-55.9042,35.7,23.4,30.760608796535802,38.4,1.8,638.6,simulado_municipal
2026-05-31,Lucas do Rio Verde,5105259,-13.0588,-55.9042,36.2,23.4,30.760608796535802,42.8,2.2,685.0,simulado_municipal
2026-06-01,Lucas do Rio Verde,5105259,-13.0588,-55.9042,36.2,23.0,30.760608796535802,39.9,1.8,635.9,simulado_municipal
2026-06-02,Lucas do Rio Verde,5105259,-13.0588,-55.9042,36.3,23.0,30.760608796535802,41.6,2.1,673.8,simulado_municipal
2026-06-03,Lucas do Rio Verde,5105259,-13.0588,-55.9042,36.6,23.3,30.760608796535802,40.2,2.0,616.1,simulado_municipal
2026-06-04,Lucas do Rio Verde,5105259,-13.0588,-55.9042,37.4,22.8,30.760608796535802,41.9,2.2,657.4,simulado_municipal
2026-06-05,Lucas do Rio Verde,5105259,-13.0588,-55.9042,38.8,23.6,30.760608796535802,40.0,2.0,579.0,simulado_municipal
2026-06-06,Lucas do Rio Verde,5105259,-13.0588,-55.9042,37.2,23.2,30.760608796535802,45.7,1.7,645.3,simulado_municipal
2026-06-07,Lucas do Rio Verde,5105259,-13.0588,-55.9042,36.8,24.2,30.760608796535802,42.0,2.9,682.6,simulado_municipal
2026-06-08,Lucas do Rio Verde,5105259,-13.0588,-55.9042,37.4,23.6,30.760608796535802,44.2,1.0,638.8,simulado_municipal
2026-06-09,Lucas do Rio Verde,5105259,-13.0588,-55.9042,37.6,23.5,30.760608796535802,38.8,2.0,718.2,simulado_municipal
2026-06-10,Lucas do Rio Verde,5105259,-13.0588,-55.9042,38.2,23.6,30.760608796535802,45.1,1.8,591.7,simulado_municipal
2026-06-11,Lucas do Rio Verde,5105259,-13.0588,-55.9042,37.3,24.4,30.760608796535802,40.6,1.9,657.8,simulado_municipal
2026-06-12,Lucas do Rio Verde,5105259,-13.0588,-55.9042,39.3,24.6,30.760608796535802,47.3,1.9,691.5,simulado_municipal
2026-06-13,Lucas do Rio Verde,5105259,-13.0588,-55.9042,37.6,24.6,30.760608796535802,36.4,2.1,645.7,simulado_municipal
2026-06-14,Lucas do Rio Verde,5105259,-13.0588,-55.9042,38.4,23.9,30.760608796535802,37.3,1.7,677.6,simulado_municipal
2026-06-15,Lucas do Rio Verde,5105259,-13.0588,-55.9042,39.6,23.9,30.760608796535802,39.0,2.6,688.9,simulado_municipal
2026-06-16,Lucas do Rio Verde,5105259,-13.0588,-55.9042,39.0,24.4,30.760608796535802,41.1,2.1,698.1,simulado_municipal
2026-06-17,Lucas do Rio Verde,5105259,-13.0588,-55.9042,40.1,24.2,30.760608796535802,38.9,2.2,716.9,simulado_municipal
2026-06-18,Lucas do Rio Verde,5105259,-13.0588,-55.9042,39.6,24.4,30.760608796535802,37.7,2.6,713.6,simulado_municipal
2026-04-28,Nova Mutum,5106224,-13.8374,-56.0743,34.6,23.3,30.683354681420592,42.9,1.5,612.5,simulado_municipal
2026-04-29,Nova Mutum,5106224,-13.8374,-56.0743,35.7,23.6,30.683354681420592,42.4,0.9,565.2,simulado_municipal
2026-04-30,Nova Mutum,5106224,-13.8374,-56.0743,36.0,23.7,30.683354681420592,34.8,1.8,629.0,simulado_municipal
2026-05-01,Nova Mutum,5106224,-13.8374,-56.0743,37.4,23.3,30.683354681420592,44.1,2.1,564.8,simulado_municipal
2026-05-02,Nova Mutum,5106224,-13.8374,-56.0743,37.2,23.6,30.683354681420592,44.5,4.0,566.6,simulado_municipal
2026-05-03,Nova Mutum,5106224,-13.8374,-56.0743,37.9,23.4,30.683354681420592,43.9,2.0,633.0,simulado_municipal
2026-05-04,Nova Mutum,5106224,-13.8374,-56.0743,36.6,23.6,30.683354681420592,38.4,2.4,633.4,simulado_municipal
2026-05-05,Nova Mutum,5106224,-13.8374,-56.0743,36.4,23.3,30.683354681420592,46.8,1.7,664.3,simulado_municipal
2026-05-06,Nova Mutum,5106224,-13.8374,-56.0743,36.6,23.8,30.683354681420592,45.1,2.9,643.0,simulado_municipal
2026-05-07,Nova Mutum,5106224,-13.8374,-56.0743,37.4,23.5,30.683354681420592,46.9,1.6,679.8,simulado_municipal
2026-05-08,Nova Mutum,5106224,-13.8374,-56.0743,36.8,23.5,30.683354681420592,43.3,2.1,645.4,simulado_municipal
2026-05-09,Nova Mutum,5106224,-13.8374,-56.0743,37.0,24.1,30.683354681420592,46.0,2.4,631.8,simulado_municipal
2026-05-10,Nova Mutum,5106224,-13.8374,-56.0743,36.1,23.9,30.683354681420592,45.6,2.7,625.8,simulado_municipal
2026-05-11,Nova Mutum,5106224,-13.8374,-56.0743,36.3,22.8,30.683354681420592,41.8,2.5,631.3,simulado_municipal
2026-05-12,Nova Mutum,5106224,-13.8374,-56.0743,36.7,23.4,30.683354681420592,44.0,1.4,653.4,simulado_municipal
2026-05-13,Nova Mutum,5106224,-13.8374,-56.0743,34.2,23.4,30.683354681420592,38.1,2.6,681.1,simulado_municipal
2026-05-14,Nova Mutum,5106224,-13.8374,-56.0743,36.1,24.1,30.683354681420592,40.2,2.9,687.3,simulado_municipal
2026-05-15,Nova Mutum,5106224,-13.8374,-56.0743,35.4,24.0,30.683354681420592,39.7,1.6,625.7,simulado_municipal
2026-05-16,Nova Mutum,5106224,-13.8374,-56.0743,35.0,23.1,30.683354681420592,46.7,1.9,664.1,simulado_municipal
2026-05-17,Nova Mutum,5106224,-13.8374,-56.0743,34.8,22.8,30.683354681420592,43.8,1.0,647.3,simulado_municipal
2026-05-18,Nova Mutum,5106224,-13.8374,-56.0743,34.1,24.3,30.683354681420592,45.7,2.1,700.5,simulado_municipal
2026-05-19,Nova Mutum,5106224,-13.8374,-56.0743,34.3,23.7,30.683354681420592,43.6,2.1,700.9,simulado_municipal
2026-05-20,Nova Mutum,5106224,-13.8374,-56.0743,35.2,23.6,30.683354681420592,38.0,1.5,645.1,simulado_municipal
2026-05-21,Nova Mutum,5106224,-13.8374,-56.0743,34.7,23.0,30.683354681420592,50.2,2.8,674.1,simulado_municipal
2026-05-22,Nova Mutum,5106224,-13.8374,-56.0743,34.7,23.4,30.683354681420592,40.1,2.0,660.3,simulado_municipal
2026-05-23,Nova Mutum,5106224,-13.8374,-56.0743,34.0,23.6,30.683354681420592,42.5,1.0,615.6,simulado_municipal
2026-05-24,Nova Mutum,5106224,-13.8374,-56.0743,34.6,24.3,30.683354681420592,44.7,1.3,669.4,simulado_municipal
2026-05-25,Nova Mutum,5106224,-13.8374,-56.0743,34.0,23.9,30.683354681420592,41.6,2.0,703.0,simulado_municipal
2026-05-26,Nova Mutum,5106224,-13.8374,-56.0743,34.3,22.9,30.683354681420592,41.2,2.5,589.2,simulado_municipal
2026-05-27,Nova Mutum,5106224,-13.8374,-56.0743,33.6,23.3,30.683354681420592,44.7,2.6,631.5,simulado_municipal
2026-05-28,Nova Mutum,5106224,-13.8374,-56.0743,35.3,24.0,30.683354681420592,37.4,1.8,657.6,simulado_municipal
2026-05-29,Nova Mutum,5106224,-13.8374,-56.0743,36.0,23.3,30.683354681420592,43.1,0.8,623.7,simulado_municipal
2026-05-30,Nova Mutum,5106224,-13.8374,-56.0743,36.3,23.1,30.683354681420592,43.2,2.2,636.3,simulado_municipal
2026-05-31,Nova Mutum,5106224,-13.8374,-56.0743,36.3,23.1,30.683354681420592,42.4,2.3,656.3,simulado_municipal
2026-06-01,Nova Mutum,5106224,-13.8374,-56.0743,36.1,23.6,30.683354681420592,45.1,1.0,696.4,simulado_municipal
2026-06-02,Nova Mutum,5106224,-13.8374,-56.0743,36.5,23.7,30.683354681420592,46.6,1.3,621.6,simulado_municipal
2026-06-03,Nova Mutum,5106224,-13.8374,-56.0743,36.6,23.2,30.683354681420592,48.2,1.6,627.8,simulado_municipal
2026-06-04,Nova Mutum,5106224,-13.8374,-56.0743,37.1,23.0,30.683354681420592,41.8,2.2,636.7,simulado_municipal
2026-06-05,Nova Mutum,5106224,-13.8374,-56.0743,37.0,23.3,30.683354681420592,38.5,2.2,720.2,simulado_municipal
2026-06-06,Nova Mutum,5106224,-13.8374,-56.0743,37.1,23.6,30.683354681420592,45.1,1.4,718.1,simulado_municipal
2026-06-07,Nova Mutum,5106224,-13.8374,-56.0743,37.2,24.2,30.683354681420592,40.8,2.9,681.0,simulado_municipal
2026-06-08,Nova Mutum,5106224,-13.8374,-56.0743,37.3,23.6,30.683354681420592,42.3,2.6,655.6,simulado_municipal
2026-06-09,Nova Mutum,5106224,-13.8374,-56.0743,35.7,23.1,30.683354681420592,42.4,2.2,647.7,simulado_municipal
2026-06-10,Nova Mutum,5106224,-13.8374,-56.0743,38.0,22.9,30.683354681420592,42.7,1.1,690.3,simulado_municipal
2026-06-11,Nova Mutum,5106224,-13.8374,-56.0743,37.6,23.9,30.683354681420592,38.9,2.6,711.5,simulado_municipal
2026-06-12,Nova Mutum,5106224,-13.8374,-56.0743,38.4,23.9,30.683354681420592,42.4,1.6,713.9,simulado_municipal
2026-06-13,Nova Mutum,5106224,-13.8374,-56.0743,39.3,24.5,30.683354681420592,37.7,2.2,637.9,simulado_municipal
2026-06-14,Nova Mutum,5106224,-13.8374,-56.0743,39.0,24.4,30.683354681420592,33.5,1.4,688.2,simulado_municipal
2026-06-15,Nova Mutum,5106224,-13.8374,-56.0743,38.8,23.8,30.683354681420592,39.5,2.1,701.6,simulado_municipal
2026-06-16,Nova Mutum,5106224,-13.8374,-56.0743,38.8,24.9,30.683354681420592,42.6,1.8,694.8,simulado_municipal
2026-06-17,Nova Mutum,5106224,-13.8374,-56.0743,39.9,24.5,30.683354681420592,36.4,2.4,652.8,simulado_municipal
2026-06-18,Nova Mutum,5106224,-13.8374,-56.0743,40.8,24.8,30.683354681420592,34.8,2.0,737.6,simulado_municipal
